id,sequence,activity,partition
seq0_train,GLFDIIKNIFSGL,1,1
seq1_train,FLGALFKVA,1,1
seq2_train,IFSAIAGLLSNLL,1,1
Sequence_1443_Neg_train,LIEKA,0,1
Sequence_1444_Neg_train,TNNHFFYVVKCKDNSWYAGYTNDLHKRVKTHNDGKGAKYTKVRRPVELIFAESFSTKREAMQAEYYFKKL,0,1
Sequence_1445_Neg_train,NFVGDRDSFVWKGHDPLQVKGTPIRCEGGFRPDMVVQLSPPAGVTALALQSKWGLMQDSSIRFLESLGVNVSQKLIEKATKDHARFV,0,1
Sequence_1446_Neg_train,GLILKVLLAAGDKDG,0,1
Sequence_854_Pos_val,MASILELQDLEVERASSAADSNASVWECCSTGSWVPFTCC,1,2
Sequence_855_Pos_val,MFDLVATGMAAGVAKTIVNAVSAGMDIATALSLFSGAFTAAGGIMALIKKYAQKKLWKQLIAA,1,2
Sequence_856_Pos_val,MFPLKKSLLLLFFLGTINLSFCEEERDVDQDERRDDPGERNVQVEKRLLRHVVKILEKYLGK,1,2
Sequence_857_Pos_val,MFTFKKSLLLLFFIGTISLSLCEQERDADEDEGEALEEVKRGLWDTIKQAGKNIFLNVLDKIKCKVAGGCKP,1,2
Sequence_1707_Neg_val,LQSIVGKQLGIDP,0,2
Sequence_1708_Neg_val,GIPASNLRMALEQLTQLEGRISEVMELLSLQKMEIEELRETKSDLEADNQRLKDDIKSWEEQLSG,0,2
Sequence_1709_Neg_val,VKMGETVTVVTEGEDELEAMAAIAEILQSHVDMSNNISKLTFEQSMQRLEEIINDLESGNVELENAINLYSEGIKLQQHCKDK,0,2
Sequence_1710_Neg_val,RGEICQRPMVTVTASGEGQITNVFINKQLFDADDNKMLEDLVMAATNDALKKAKEATAYEFQSASGGLDFSEISKMFGGKFGMSDREFGIVKV,0,2
Sequence_2973_Pos_test,GFMKYIKPLIPHAVKAIKKLI,1,3
Sequence_2974_Pos_test,FPISTLLKWWKG,1,3
Sequence_2975_Pos_test,LLRRLLRRLLRR,1,3
Sequence_2976_Pos_test,KKLFKKILKVL,1,3
Sequence_10767_Neg_test,HIHNTWLITHAMKFFASCAKGLEYLLADELLALGAS,0,3
Sequence_10768_Neg_test,HDNKSKNNTFNGAIAYVIPFLLFIFVIRSLI,0,3
Sequence_10769_Neg_test,LGDIIESSKYSSNVQYYGSLHNTAHVMLGRQGDPHGKFNLPPG,0,3
Sequence_10770_Neg_test,NEGYLQPAGDMSK,0,3
